ID,Name,Age,City,Date
1,Cynthia,26.0,New Stevenbury,
2,Candice,18.0,Port Theresa,
3,Unknown,22.0,Hernandeztown,2025-03-29
4,Angelica,26.285714285714285,Not Available,2016-03-05
5,Unknown,21.0,Not Available,2026-03-25
6,Unknown,26.285714285714285,New Soniamouth,
7,Robert,26.285714285714285,Not Available,1983-09-06
8,Daniel,29.0,Not Available,
9,Unknown,26.285714285714285,Port Mary,2012-12-18
10,Unknown,20.0,Not Available,
11,Unknown,23.0,New Ashleyhaven,
12,Amanda,26.285714285714285,North Jason,
13,Unknown,24.0,Not Available,
14,Roberto,26.285714285714285,East Michael,2016-07-28
15,Unknown,28.0,Brandyburgh,2010-05-05
16,April,26.285714285714285,Not Available,2006-11-12
17,Gloria,26.285714285714285,Lemouth,
18,Thomas,26.285714285714285,South Michelle,1990-10-14
19,Nicholas,19.0,Nunezborough,1974-05-13
20,Sara,34.0,Higginsfurt,1981-11-03
21,Unknown,26.285714285714285,Not Available,
22,Samantha,31.0,Carpenterport,2000-06-14
23,Robert,18.0,Anthonyfort,2010-05-29
24,Unknown,26.285714285714285,Alexanderview,
25,Vanessa,26.285714285714285,Not Available,2021-09-05
26,Jose,26.285714285714285,North Donaldmouth,2011-08-28
27,Danielle,21.0,Glendaburgh,
28,Charles,26.285714285714285,North James,
29,Unknown,29.0,Owenland,
30,Unknown,26.285714285714285,Not Available,2003-10-27
31,Unknown,32.0,Not Available,2011-05-02
32,Jessica,25.0,Garyfurt,
33,Angelica,32.0,North Martin,
34,Unknown,26.285714285714285,Not Available,
35,Alicia,26.285714285714285,Not Available,
36,Melissa,25.0,Riverafurt,
37,Unknown,19.0,Edwardtown,
38,Linda,26.0,Not Available,
39,Morgan,26.285714285714285,Lake Christopher,
40,Alec,26.285714285714285,Brightside,
41,Unknown,33.0,West Ericborough,
42,John,28.0,Fryeshire,
43,Raven,34.0,Not Available,
44,Daniel,26.285714285714285,Not Available,1973-10-26
45,Candice,26.285714285714285,Not Available,
46,Karen,26.285714285714285,Lake Nicoleborough,
47,Ana,26.285714285714285,Not Available,1971-04-12
48,Unknown,26.285714285714285,Muellermouth,
49,Unknown,26.285714285714285,Brandiberg,1985-05-31
50,Unknown,29.0,Courtneyshire,1971-05-13
51,John,26.285714285714285,Not Available,
52,Gerald,24.0,Not Available,2014-12-26
53,Crystal,26.285714285714285,South Ashleyburgh,1986-06-16
54,Unknown,26.285714285714285,Janetview,
55,Unknown,21.0,Martinezstad,1995-07-28
56,Katherine,26.285714285714285,Deantown,2015-07-03
57,Robert,26.285714285714285,Shannonfurt,
58,Justin,26.285714285714285,Gordonton,2013-07-08
59,Curtis,35.0,Not Available,1994-05-15
60,Joseph,26.285714285714285,Not Available,
61,Unknown,21.0,Maxwellmouth,
62,Nicole,35.0,Not Available,
63,Anthony,26.285714285714285,Port Donna,
64,Hannah,26.285714285714285,Not Available,1987-08-04
65,Cynthia,26.285714285714285,North Juliastad,
66,Unknown,26.285714285714285,Bryanmouth,
67,Unknown,26.285714285714285,Not Available,2008-04-27
68,Anthony,34.0,Not Available,1976-04-12
69,Lauren,26.285714285714285,Not Available,
70,Unknown,26.285714285714285,Caitlynhaven,2025-01-16
71,Madison,26.285714285714285,New Melissatown,
72,Kendra,19.0,Stevenbury,
73,Melissa,34.0,West Tammy,1979-11-08
74,Tracy,26.285714285714285,New Coryville,2007-02-19
75,Brian,21.0,North Julie,2008-12-10
76,Charles,19.0,Wilkinsonside,1971-01-13
77,David,26.285714285714285,Christianfort,
78,Unknown,33.0,Lake Amymouth,1990-02-21
79,Joseph,28.0,Buchananchester,1988-07-28
80,Unknown,33.0,Port Nicolefurt,1996-01-09
81,Unknown,22.0,Not Available,
82,Paul,26.285714285714285,Not Available,
83,Unknown,19.0,Jamesland,2006-02-28
84,Unknown,30.0,New Anitaview,
85,Barbara,26.285714285714285,Kellyhaven,
86,Benjamin,19.0,South Logan,
87,Melissa,26.285714285714285,Bobshire,1979-05-15
88,Christopher,32.0,Lake Danielmouth,
89,Reginald,26.285714285714285,South Joel,
90,Michael,25.0,South Christophertown,
91,Karen,31.0,Not Available,
92,Steven,27.0,Not Available,
93,Unknown,26.285714285714285,Lisafurt,2001-02-03
94,Shawn,26.285714285714285,Chambersshire,
95,Michelle,27.0,Not Available,
96,Melissa,26.285714285714285,Not Available,1979-02-01
97,Katrina,26.285714285714285,Jonesville,
98,Walter,18.0,Dennisville,
99,Eric,35.0,Not Available,
100,Unknown,26.285714285714285,Port Darren,
