ID,Name,Age,City,Date
1,cynthia,26.0,new stevenbury,
2,CANDICE,18.0,PORT THERESA,
3,,22.0,hernandeztown,29/03/2025
4,angelica,,,05/03/2016
5,,21.0,,25/03/2026
6,,,new soniamouth,
7,ROBERT,,,06/09/1983
8,daniel,29.0,,
9,,,port mary,18/12/2012
10,,20.0,,2008-06-19
11,,23.0,NEW ASHLEYHAVEN,2024-10-17
12,AMANDA,,NORTH JASON,1980-01-20
13,,24.0,,
14,roberto,,east michael,28/07/2016
15,,28.0,BRANDYBURGH,05/05/2010
16,APRIL,,,12/11/2006
17,GLORIA,,lemouth,
18,thomas,,south michelle,14/10/1990
19,nicholas,19.0,nunezborough,13/05/1974
20,sara,34.0,HIGGINSFURT,03/11/1981
21,,,,
22,samantha,31.0,CARPENTERPORT,14/06/2000
23,robert,18.0,anthonyfort,29/05/2010
24,,,alexanderview,
25,vanessa,,,05/09/2021
26,JOSE,,NORTH DONALDMOUTH,28/08/2011
27,DANIELLE,21.0,glendaburgh,
28,charles,,NORTH JAMES,
29,,29.0,owenland,
30,,,,27/10/2003
31,,32.0,,02/05/2011
32,jessica,25.0,garyfurt,2000-06-13
33,ANGELICA,32.0,NORTH MARTIN,1988-01-24
34,,,,1991-03-17
35,ALICIA,,,2023-11-10
36,MELISSA,25.0,riverafurt,
37,,19.0,edwardtown,1974-04-02
38,LINDA,26.0,,2000-09-06
39,morgan,,LAKE CHRISTOPHER,1999-06-02
40,alec,,brightside,1987-11-29
41,,33.0,west ericborough,2019-03-02
42,john,28.0,fryeshire,2001-12-23
43,raven,34.0,,
44,daniel,,,26/10/1973
45,CANDICE,,,
46,KAREN,,lake nicoleborough,
47,ana,,,12/04/1971
48,,,MUELLERMOUTH,
49,,,brandiberg,31/05/1985
50,,29.0,courtneyshire,13/05/1971
51,john,,,1977-02-27
52,gerald,24.0,,26/12/2014
53,CRYSTAL,,south ashleyburgh,16/06/1986
54,,,JANETVIEW,1999-01-10
55,,21.0,martinezstad,28/07/1995
56,katherine,,deantown,03/07/2015
57,robert,,shannonfurt,
58,justin,,gordonton,08/07/2013
59,curtis,35.0,,15/05/1994
60,JOSEPH,,,2022-03-01
61,,21.0,MAXWELLMOUTH,
62,nicole,35.0,,1990-04-12
63,anthony,,port donna,2017-11-11
64,hannah,,,04/08/1987
65,cynthia,,north juliastad,2016-05-29
66,,,BRYANMOUTH,
67,,,,27/04/2008
68,anthony,34.0,,12/04/1976
69,LAUREN,,,
70,,,caitlynhaven,16/01/2025
71,madison,,NEW MELISSATOWN,1980-01-09
72,KENDRA,19.0,stevenbury,
73,melissa,34.0,WEST TAMMY,08/11/1979
74,TRACY,,NEW CORYVILLE,19/02/2007
75,brian,21.0,north julie,10/12/2008
76,CHARLES,19.0,wilkinsonside,13/01/1971
77,david,,christianfort,
78,,33.0,LAKE AMYMOUTH,21/02/1990
79,joseph,28.0,buchananchester,28/07/1988
80,,33.0,port nicolefurt,09/01/1996
81,,22.0,,1970-08-12
82,paul,,,1980-04-27
83,,19.0,jamesland,28/02/2006
84,,30.0,NEW ANITAVIEW,
85,BARBARA,,kellyhaven,1981-06-22
86,benjamin,19.0,south logan,1987-03-05
87,melissa,,bobshire,15/05/1979
88,CHRISTOPHER,32.0,lake danielmouth,
89,REGINALD,,SOUTH JOEL,1971-04-25
90,michael,25.0,SOUTH CHRISTOPHERTOWN,
91,karen,31.0,,
92,steven,27.0,,
93,,,lisafurt,03/02/2001
94,SHAWN,,CHAMBERSSHIRE,1982-06-06
95,MICHELLE,27.0,,2000-06-30
96,MELISSA,,,01/02/1979
97,katrina,,JONESVILLE,1975-01-13
98,walter,18.0,dennisville,1999-03-25
99,eric,35.0,,
100,,,port darren,2008-08-30
1,cynthia,26.0,new stevenbury,
2,CANDICE,18.0,PORT THERESA,
3,,22.0,hernandeztown,29/03/2025
4,angelica,,,05/03/2016
5,,21.0,,25/03/2026
6,,,new soniamouth,
7,ROBERT,,,06/09/1983
8,daniel,29.0,,
9,,,port mary,18/12/2012
10,,20.0,,2008-06-19
